,MonthlyRate,MonthlyIncome,DailyRate,NumCompaniesWorked,TotalWorkingYears,YearsWithCurrManager,YearsSinceLastPromotion,YearsAtCompany,PercentSalaryHike,PerformanceScore,MonthlyIncome_cal,MonthlyRate_cal,DailyRate_cal,YearsAtCompany_cal,TotalWorkingYears_cal,YearsSinceLastPromotion_cal,YearsWithCurrManager_cal,NumCompaniesWorked_cal,Prediction_PercentSalaryHike,Prediction_PercentSalaryHike_cal,Prediction_PerformanceScore,Prediction_PerformanceScore_cal
1,24907,5130,279,1,10,7,1,10,23,61,5000 & above,20000 & above,250 & above,More than 9 years,More than 9 years,1 year,More than 6 years,less than 2,23.0,>22,61.0,60-69
16,15053,3298,334,0,7,5,0,6,12,80,2500 & above,15000 & above,250 & above,More than 6 years,More than 6 years,0 years,More than 3 years,less than 2,12.0,<13,80.0,80-89
19,4306,3944,371,5,6,2,1,3,11,45,2500 & above,less than 5000,250 & above,More than 3 years,More than 6 years,1 year,less than 3 years,less than 6,11.0,<13,45.0,40-49
23,19281,1232,391,1,0,0,0,0,14,96,less than 2500,15000 & above,250 & above,less than 3 years,less than 3 years,0 years,less than 3 years,less than 2,15.666666666666666,15-17,64.33333333333333,60-69
35,21923,2645,1273,1,6,4,1,5,12,72,2500 & above,20000 & above,1250 & above,More than 3 years,More than 6 years,1 year,More than 3 years,less than 2,17.0,17-20,49.0,40-49
47,10227,3022,408,4,8,0,0,1,21,73,2500 & above,10000 & above,250 & above,less than 3 years,More than 6 years,0 years,less than 3 years,less than 6,12.0,<13,66.0,60-69
68,5868,2194,664,4,5,2,1,3,13,79,less than 2500,5000 & above,500 & above,More than 3 years,More than 3 years,1 year,less than 3 years,less than 6,13.0,13-15,79.0,70-79
71,4956,2703,1328,0,6,4,0,5,23,76,2500 & above,less than 5000,1250 & above,More than 3 years,More than 6 years,0 years,More than 3 years,less than 2,11.0,<13,76.0,70-79
72,18775,2501,1082,1,1,0,1,1,17,87,2500 & above,15000 & above,1000 & above,less than 3 years,less than 3 years,1 year,less than 3 years,less than 2,24.0,>22,87.0,80-89
73,7346,6220,548,1,10,9,0,10,17,66,5000 & above,5000 & above,500 & above,More than 9 years,More than 9 years,0 years,0,less than 2,17.0,17-20,66.0,60-69
81,26278,2859,1214,1,6,4,0,6,18,30,2500 & above,25000 & above,1000 & above,More than 6 years,More than 6 years,0 years,More than 3 years,less than 2,18.0,17-20,30.0,<40
101,15178,2956,827,1,1,0,0,1,13,71,2500 & above,15000 & above,750 & above,less than 3 years,less than 3 years,0 years,less than 3 years,less than 2,13.0,13-15,71.0,70-79
108,26897,2889,1280,1,2,1,2,2,11,64,2500 & above,25000 & above,1250 & above,less than 3 years,less than 3 years,2 years,less than 3 years,less than 2,11.0,<13,64.0,60-69
114,15000,4505,1031,6,12,0,0,1,15,45,2500 & above,15000 & above,1000 & above,less than 3 years,More than 12 years,0 years,less than 3 years,less than 8,15.0,15-17,45.0,40-49
120,22310,2613,1312,1,10,9,0,10,25,96,2500 & above,20000 & above,1250 & above,More than 9 years,More than 9 years,0 years,0,less than 2,25.0,>22,96.0,>90
130,16090,4739,957,4,18,2,1,3,12,72,2500 & above,15000 & above,750 & above,More than 3 years,More than 15 years,1 year,less than 3 years,less than 6,12.0,<13,72.0,70-79
141,9752,3452,1316,5,9,3,0,6,13,83,2500 & above,5000 & above,1250 & above,More than 6 years,More than 9 years,0 years,More than 3 years,less than 6,16.0,15-17,83.0,80-89
143,23910,2632,438,1,5,4,0,5,14,75,2500 & above,20000 & above,250 & above,More than 3 years,More than 3 years,0 years,More than 3 years,less than 2,14.0,13-15,75.0,70-79
145,10415,3204,201,5,8,2,2,3,14,84,2500 & above,10000 & above,less than 250,More than 3 years,More than 6 years,2 years,less than 3 years,less than 6,21.0,20-22,40.0,40-49
157,11873,3346,1145,4,9,0,0,1,20,75,2500 & above,10000 & above,1000 & above,less than 3 years,More than 9 years,0 years,less than 3 years,less than 6,24.0,>22,75.0,70-79
160,11992,2323,1256,1,2,2,2,2,24,80,less than 2500,10000 & above,1250 & above,less than 3 years,less than 3 years,2 years,less than 3 years,less than 2,24.0,>22,80.0,80-89
161,5970,2024,691,6,6,2,2,2,18,57,less than 2500,5000 & above,500 & above,less than 3 years,More than 6 years,2 years,less than 3 years,less than 8,18.0,17-20,57.0,50-59
162,6672,2713,440,1,5,2,0,5,11,42,2500 & above,5000 & above,250 & above,More than 3 years,More than 3 years,0 years,less than 3 years,less than 2,11.0,<13,42.0,40-49
164,25326,2566,1450,1,1,1,0,1,15,79,2500 & above,25000 & above,1250 & above,less than 3 years,less than 3 years,0 years,less than 3 years,less than 2,15.0,15-17,79.0,70-79
166,4609,2451,465,4,13,8,1,9,12,56,less than 2500,less than 5000,250 & above,More than 9 years,More than 12 years,1 year,More than 6 years,less than 6,15.0,15-17,56.0,50-59
169,12430,3038,120,3,8,4,1,5,20,43,2500 & above,10000 & above,less than 250,More than 3 years,More than 6 years,1 year,More than 3 years,less than 4,20.0,20-22,43.0,40-49
170,13364,3058,1157,0,6,1,1,5,16,51,2500 & above,10000 & above,1000 & above,More than 3 years,More than 6 years,1 year,less than 3 years,less than 2,22.0,>22,42.0,40-49
176,10515,2500,134,0,4,2,0,3,14,90,2500 & above,10000 & above,less than 250,More than 3 years,More than 3 years,0 years,less than 3 years,less than 2,14.0,13-15,90.0,>90
180,6984,3929,140,8,7,2,0,4,23,95,2500 & above,5000 & above,less than 250,More than 3 years,More than 6 years,0 years,less than 3 years,0,23.0,>22,95.0,>90
181,5711,2311,629,2,9,2,1,3,15,95,less than 2500,5000 & above,500 & above,More than 3 years,More than 9 years,1 year,less than 3 years,less than 4,15.0,15-17,95.0,>90
185,4673,2756,931,1,8,6,1,8,13,72,2500 & above,less than 5000,750 & above,More than 6 years,More than 6 years,1 year,More than 6 years,less than 2,11.0,<13,72.0,70-79
191,11781,2279,894,1,7,3,0,7,16,99,less than 2500,10000 & above,750 & above,More than 6 years,More than 6 years,0 years,More than 3 years,less than 2,16.0,15-17,99.0,>90
193,5228,2089,1344,4,7,2,2,5,14,37,less than 2500,5000 & above,1250 & above,More than 3 years,More than 6 years,2 years,less than 3 years,less than 6,14.0,13-15,37.0,<40
195,22977,3564,290,1,8,7,1,8,12,65,2500 & above,20000 & above,250 & above,More than 6 years,More than 6 years,1 year,More than 6 years,less than 2,11.0,<13,61.0,60-69
202,5972,3815,878,1,5,0,2,5,17,43,2500 & above,5000 & above,750 & above,More than 3 years,More than 3 years,2 years,less than 3 years,less than 2,17.0,17-20,43.0,40-49
206,12392,2328,1136,1,4,2,2,4,16,60,less than 2500,10000 & above,1000 & above,More than 3 years,More than 3 years,2 years,less than 3 years,less than 2,16.0,15-17,60.0,60-69
221,13248,2622,147,6,7,1,1,3,21,47,2500 & above,10000 & above,less than 250,More than 3 years,More than 6 years,1 year,less than 3 years,less than 8,21.0,20-22,47.0,40-49
225,8456,2177,142,3,7,0,0,1,17,70,less than 2500,5000 & above,less than 250,less than 3 years,More than 6 years,0 years,less than 3 years,less than 4,21.0,20-22,48.0,40-49
242,19877,3072,1411,2,17,0,0,1,16,36,2500 & above,15000 & above,1250 & above,less than 3 years,More than 15 years,0 years,less than 3 years,less than 4,16.0,15-17,36.0,<40
246,14776,2911,832,1,2,2,0,2,13,63,2500 & above,10000 & above,750 & above,less than 3 years,less than 3 years,0 years,less than 3 years,less than 2,13.0,13-15,73.0,70-79
248,18697,3920,1017,2,17,2,0,3,14,83,2500 & above,15000 & above,1000 & above,More than 3 years,More than 15 years,0 years,less than 3 years,less than 4,14.0,13-15,83.0,80-89
252,22673,2340,665,1,6,5,1,6,19,60,less than 2500,20000 & above,500 & above,More than 6 years,More than 6 years,1 year,More than 3 years,less than 2,19.0,17-20,60.0,60-69
253,23016,6545,916,3,10,2,0,3,13,82,5000 & above,20000 & above,750 & above,More than 3 years,More than 9 years,0 years,less than 3 years,less than 4,13.0,13-15,82.0,80-89
258,23231,2723,833,1,1,0,0,1,11,96,2500 & above,20000 & above,750 & above,less than 3 years,less than 3 years,0 years,less than 3 years,less than 2,11.0,<13,96.0,>90
272,2613,2070,1158,1,5,4,0,5,23,94,less than 2500,less than 5000,1000 & above,More than 3 years,More than 3 years,0 years,More than 3 years,less than 2,14.0,13-15,82.0,80-89
274,10531,3230,996,1,3,0,1,3,17,100,2500 & above,10000 & above,750 & above,More than 3 years,More than 3 years,1 year,less than 3 years,less than 2,14.0,13-15,53.0,50-59
289,4488,3310,1117,1,5,2,0,5,21,66,2500 & above,less than 5000,1000 & above,More than 3 years,More than 3 years,0 years,less than 3 years,less than 2,21.0,20-22,66.0,60-69
294,11411,2326,889,1,4,2,1,4,12,53,less than 2500,10000 & above,750 & above,More than 3 years,More than 3 years,1 year,less than 3 years,less than 2,12.0,<13,53.0,50-59
309,10077,4821,691,0,6,3,0,5,12,86,2500 & above,10000 & above,500 & above,More than 3 years,More than 6 years,0 years,More than 3 years,less than 2,12.0,<13,86.0,80-89
312,7747,2695,192,0,3,2,2,2,18,32,2500 & above,5000 & above,less than 250,less than 3 years,More than 3 years,2 years,less than 3 years,less than 2,18.0,17-20,32.0,<40
318,20938,2478,1220,1,4,2,1,4,12,85,less than 2500,20000 & above,1000 & above,More than 3 years,More than 3 years,1 year,less than 3 years,less than 2,12.0,<13,85.0,80-89
322,10557,5055,1018,7,10,7,0,7,16,74,5000 & above,10000 & above,1000 & above,More than 6 years,More than 9 years,0 years,More than 6 years,less than 8,16.0,15-17,74.0,70-79
324,11934,5775,1275,1,11,9,1,10,13,64,5000 & above,10000 & above,1250 & above,More than 9 years,More than 9 years,1 year,0,less than 2,13.0,13-15,64.0,60-69
345,16092,2904,1309,1,4,2,0,4,12,83,2500 & above,15000 & above,1250 & above,More than 3 years,More than 3 years,0 years,less than 3 years,less than 2,12.0,<13,83.0,80-89
369,7551,2657,408,0,3,2,2,2,16,42,2500 & above,5000 & above,250 & above,less than 3 years,More than 3 years,2 years,less than 3 years,less than 2,18.0,17-20,42.0,40-49
377,11868,2543,329,4,6,2,2,2,13,96,2500 & above,10000 & above,250 & above,less than 3 years,More than 6 years,2 years,less than 3 years,less than 6,12.0,<13,40.0,40-49
383,24440,2244,253,1,2,2,1,2,13,43,less than 2500,20000 & above,250 & above,less than 3 years,less than 3 years,1 year,less than 3 years,less than 2,23.0,>22,90.0,>90
407,9655,2654,192,3,8,2,0,2,21,69,2500 & above,5000 & above,less than 250,less than 3 years,More than 6 years,0 years,less than 3 years,less than 4,21.0,20-22,69.0,60-69
418,3032,2886,1349,1,3,2,0,3,22,90,2500 & above,less than 5000,1250 & above,More than 3 years,More than 3 years,0 years,less than 3 years,less than 2,22.0,>22,90.0,>90
474,21630,2725,691,1,6,4,1,6,11,89,2500 & above,20000 & above,500 & above,More than 6 years,More than 6 years,1 year,More than 3 years,less than 2,11.0,<13,89.0,80-89
481,22794,3622,254,1,6,3,1,6,13,83,2500 & above,20000 & above,250 & above,More than 6 years,More than 6 years,1 year,More than 3 years,less than 2,11.0,<13,89.0,80-89
485,5013,2187,798,0,6,3,0,5,12,66,less than 2500,5000 & above,750 & above,More than 3 years,More than 6 years,0 years,More than 3 years,less than 2,13.0,13-15,66.0,60-69
487,11757,2836,959,1,1,0,0,1,13,83,2500 & above,10000 & above,750 & above,less than 3 years,less than 3 years,0 years,less than 3 years,less than 2,13.0,13-15,73.0,70-79
490,14561,2619,362,3,8,0,0,0,17,43,2500 & above,10000 & above,250 & above,less than 3 years,More than 6 years,0 years,less than 3 years,less than 4,12.0,<13,66.0,60-69
498,12145,2773,604,0,3,2,2,2,20,69,2500 & above,10000 & above,500 & above,less than 3 years,More than 3 years,2 years,less than 3 years,less than 2,20.0,20-22,69.0,60-69
500,18089,6322,646,1,6,5,0,6,12,92,5000 & above,15000 & above,500 & above,More than 6 years,More than 6 years,0 years,More than 3 years,less than 2,12.0,<13,92.0,>90
501,22653,2083,160,1,1,0,0,1,20,71,less than 2500,20000 & above,less than 250,less than 3 years,less than 3 years,0 years,less than 3 years,less than 2,19.0,17-20,96.0,>90
512,15174,2045,1115,0,5,1,1,4,13,54,less than 2500,15000 & above,1000 & above,More than 3 years,More than 3 years,1 year,less than 3 years,less than 2,13.0,13-15,54.0,50-59
516,8544,2819,885,2,5,2,0,3,16,58,2500 & above,5000 & above,750 & above,More than 3 years,More than 3 years,0 years,less than 3 years,less than 4,16.0,15-17,58.0,50-59
519,18959,2720,806,1,10,8,2,10,18,76,2500 & above,15000 & above,750 & above,More than 9 years,More than 9 years,2 years,More than 6 years,less than 2,18.0,17-20,76.0,70-79
522,15232,4680,1225,3,4,0,0,1,17,80,2500 & above,15000 & above,1000 & above,less than 3 years,More than 3 years,0 years,less than 3 years,less than 4,17.0,17-20,80.0,80-89
553,22929,2342,804,0,5,3,2,4,20,86,less than 2500,20000 & above,750 & above,More than 3 years,More than 3 years,2 years,More than 3 years,less than 2,11.5,<13,67.0,60-69
559,20471,3057,268,6,6,1,0,1,13,92,2500 & above,20000 & above,250 & above,less than 3 years,More than 6 years,0 years,less than 3 years,less than 8,13.0,13-15,92.0,>90
565,19630,3505,310,1,2,2,0,2,18,79,2500 & above,15000 & above,250 & above,less than 3 years,less than 3 years,0 years,less than 3 years,less than 2,18.0,17-20,79.0,70-79
570,26589,4258,715,0,5,2,1,4,18,41,2500 & above,25000 & above,500 & above,More than 3 years,More than 3 years,1 year,less than 3 years,less than 2,12.0,<13,76.0,70-79
574,13551,3280,182,2,10,3,1,4,16,72,2500 & above,10000 & above,less than 250,More than 3 years,More than 9 years,1 year,More than 3 years,less than 4,16.0,15-17,72.0,70-79
579,7530,4381,121,1,6,3,1,6,11,86,2500 & above,5000 & above,less than 250,More than 6 years,More than 6 years,1 year,More than 3 years,less than 2,11.0,<13,86.0,80-89
594,23779,2700,1252,1,10,7,0,10,24,81,2500 & above,20000 & above,1250 & above,More than 9 years,More than 9 years,0 years,More than 6 years,less than 2,24.0,>22,81.0,80-89
596,13301,2506,1258,3,7,2,2,2,13,40,2500 & above,10000 & above,1250 & above,less than 3 years,More than 6 years,2 years,less than 3 years,less than 4,13.0,13-15,40.0,40-49
603,6153,2274,252,1,1,0,0,1,14,95,less than 2500,5000 & above,250 & above,less than 3 years,less than 3 years,0 years,less than 3 years,less than 2,14.0,13-15,95.0,>90
606,8306,2553,702,1,6,3,1,5,16,100,2500 & above,5000 & above,500 & above,More than 3 years,More than 6 years,1 year,More than 3 years,less than 2,16.0,15-17,100.0,>90
615,16571,1706,443,1,0,0,0,0,11,50,less than 2500,15000 & above,250 & above,less than 3 years,less than 3 years,0 years,less than 3 years,less than 2,15.666666666666666,15-17,64.33333333333333,60-69
618,21632,3424,180,7,6,1,0,4,13,65,2500 & above,20000 & above,less than 250,More than 3 years,More than 6 years,0 years,less than 3 years,less than 8,13.0,13-15,65.0,60-69
620,17852,2559,1343,1,6,1,1,6,11,53,2500 & above,15000 & above,1250 & above,More than 6 years,More than 6 years,1 year,less than 3 years,less than 2,11.0,<13,53.0,50-59
626,22162,5175,638,5,9,3,1,5,12,91,5000 & above,20000 & above,500 & above,More than 3 years,More than 9 years,1 year,More than 3 years,less than 6,12.0,<13,91.0,>90
632,9068,2515,1271,5,8,2,2,2,14,35,2500 & above,5000 & above,1250 & above,less than 3 years,More than 6 years,2 years,less than 3 years,less than 6,14.0,13-15,35.0,<40
639,10554,3580,1418,2,7,2,0,4,16,36,2500 & above,10000 & above,1250 & above,More than 3 years,More than 6 years,0 years,less than 3 years,less than 4,16.0,15-17,36.0,<40
644,14871,2356,1222,3,8,2,0,6,19,48,less than 2500,10000 & above,1000 & above,More than 6 years,More than 6 years,0 years,less than 3 years,less than 4,19.0,17-20,48.0,40-49
668,9834,2377,995,5,6,2,2,2,18,77,less than 2500,5000 & above,750 & above,less than 3 years,More than 6 years,2 years,less than 3 years,less than 6,18.0,17-20,77.0,70-79
670,17808,2318,618,1,1,0,0,1,19,76,less than 2500,15000 & above,500 & above,less than 3 years,less than 3 years,0 years,less than 3 years,less than 2,15.666666666666666,15-17,76.0,70-79
673,3339,2799,1198,3,6,2,0,3,11,100,2500 & above,less than 5000,1000 & above,More than 3 years,More than 6 years,0 years,less than 3 years,less than 4,16.0,15-17,100.0,>90
678,5543,2259,1469,4,13,0,0,0,17,51,less than 2500,5000 & above,1250 & above,less than 3 years,More than 12 years,0 years,less than 3 years,less than 6,17.0,17-20,51.0,50-59
680,23293,4678,188,2,8,1,0,6,18,65,2500 & above,20000 & above,less than 250,More than 6 years,More than 6 years,0 years,less than 3 years,less than 4,18.0,17-20,65.0,60-69
691,25063,3617,1469,8,3,0,0,1,14,35,2500 & above,25000 & above,1250 & above,less than 3 years,More than 3 years,0 years,less than 3 years,0,14.0,13-15,35.0,<40
712,17241,3452,461,3,5,2,0,3,18,53,2500 & above,15000 & above,250 & above,More than 3 years,More than 3 years,0 years,less than 3 years,less than 4,17.0,17-20,90.0,>90
722,12127,2684,1391,0,3,2,0,2,17,66,2500 & above,10000 & above,1250 & above,less than 3 years,More than 3 years,0 years,less than 3 years,less than 2,17.0,17-20,66.0,60-69
727,13493,1051,287,1,0,0,0,0,15,73,less than 2500,10000 & above,250 & above,less than 3 years,less than 3 years,0 years,less than 3 years,less than 2,13.0,13-15,89.0,80-89
765,2997,2821,1186,3,8,2,2,2,16,44,2500 & above,less than 5000,1000 & above,less than 3 years,More than 6 years,2 years,less than 3 years,less than 4,16.0,15-17,44.0,40-49
769,25265,2007,921,1,5,3,1,5,13,66,less than 2500,25000 & above,750 & above,More than 3 years,More than 3 years,1 year,More than 3 years,less than 2,13.0,13-15,66.0,60-69
772,12154,2942,1240,2,18,3,0,5,19,63,2500 & above,10000 & above,1000 & above,More than 3 years,More than 15 years,0 years,More than 3 years,less than 4,19.0,17-20,63.0,60-69
783,18863,3376,509,1,10,8,0,10,13,43,2500 & above,15000 & above,500 & above,More than 9 years,More than 9 years,0 years,More than 6 years,less than 2,13.0,13-15,43.0,40-49
788,7909,3660,857,3,10,7,1,8,13,59,2500 & above,5000 & above,750 & above,More than 6 years,More than 9 years,1 year,More than 6 years,less than 4,13.0,13-15,59.0,50-59
803,22478,2979,697,3,6,0,0,0,17,40,2500 & above,20000 & above,500 & above,less than 3 years,More than 6 years,0 years,less than 3 years,less than 4,17.0,17-20,40.0,40-49
808,26968,2514,1107,4,11,7,1,7,22,93,2500 & above,25000 & above,1000 & above,More than 6 years,More than 9 years,1 year,More than 6 years,less than 6,22.0,>22,93.0,>90
815,25326,2070,984,1,2,2,2,2,11,70,less than 2500,25000 & above,750 & above,less than 3 years,less than 3 years,2 years,less than 3 years,less than 2,11.5,<13,79.0,70-79
819,19911,3201,1451,0,6,4,0,5,17,67,2500 & above,15000 & above,1250 & above,More than 3 years,More than 6 years,0 years,More than 3 years,less than 2,17.0,17-20,67.0,60-69
823,17940,3291,490,0,8,1,1,7,14,61,2500 & above,15000 & above,250 & above,More than 6 years,More than 6 years,1 year,less than 3 years,less than 2,14.0,13-15,61.0,60-69
827,22088,2703,773,1,3,2,0,3,14,39,2500 & above,20000 & above,750 & above,More than 3 years,More than 3 years,0 years,less than 3 years,less than 2,14.0,13-15,39.0,<40
833,7950,2539,199,1,4,2,2,4,13,55,2500 & above,5000 & above,less than 250,More than 3 years,More than 3 years,2 years,less than 3 years,less than 2,13.0,13-15,55.0,50-59
845,21203,4422,902,3,16,0,0,1,13,92,2500 & above,20000 & above,750 & above,less than 3 years,More than 15 years,0 years,less than 3 years,less than 4,17.0,17-20,65.0,60-69
853,7172,2552,645,1,1,0,0,1,25,54,2500 & above,5000 & above,500 & above,less than 3 years,less than 3 years,0 years,less than 3 years,less than 2,12.0,<13,54.0,50-59
854,20100,4477,1457,4,7,2,0,3,19,83,2500 & above,20000 & above,1250 & above,More than 3 years,More than 6 years,0 years,less than 3 years,less than 6,14.0,13-15,94.0,>90
859,26933,2168,942,0,6,3,1,5,18,69,less than 2500,25000 & above,750 & above,More than 3 years,More than 6 years,1 year,More than 3 years,less than 2,13.0,13-15,66.0,60-69
862,4279,2290,111,2,6,0,0,0,13,74,less than 2500,less than 5000,less than 250,less than 3 years,More than 6 years,0 years,less than 3 years,less than 4,21.0,20-22,74.0,70-79
881,2338,4998,1316,4,10,7,0,8,14,38,2500 & above,less than 5000,1250 & above,More than 6 years,More than 9 years,0 years,More than 6 years,less than 6,14.0,13-15,38.0,<40
893,5598,3760,1010,1,3,2,1,3,15,97,2500 & above,5000 & above,1000 & above,More than 3 years,More than 3 years,1 year,less than 3 years,less than 2,15.0,15-17,97.0,>90
900,9256,3692,469,1,12,7,0,11,12,46,2500 & above,5000 & above,250 & above,More than 9 years,More than 12 years,0 years,More than 6 years,less than 2,12.0,<13,46.0,40-49
902,3208,2517,1167,1,5,3,0,5,11,76,2500 & above,less than 5000,1000 & above,More than 3 years,More than 3 years,0 years,More than 3 years,less than 2,11.0,<13,76.0,70-79
906,21643,2585,1320,0,2,0,0,1,17,89,2500 & above,20000 & above,1250 & above,less than 3 years,less than 3 years,0 years,less than 3 years,less than 2,24.0,>22,79.0,70-79
909,21221,2994,265,1,1,1,0,1,12,57,2500 & above,20000 & above,250 & above,less than 3 years,less than 3 years,0 years,less than 3 years,less than 2,12.0,<13,57.0,50-59
910,16901,1223,373,1,1,1,0,1,22,47,less than 2500,15000 & above,250 & above,less than 3 years,less than 3 years,0 years,less than 3 years,less than 2,15.666666666666666,15-17,64.33333333333333,60-69
912,9973,2875,583,1,8,2,2,8,20,53,2500 & above,5000 & above,500 & above,More than 6 years,More than 6 years,2 years,less than 3 years,less than 2,20.0,20-22,53.0,50-59
924,6020,3506,735,0,4,2,2,3,14,66,2500 & above,5000 & above,500 & above,More than 3 years,More than 3 years,2 years,less than 3 years,less than 2,14.0,13-15,66.0,60-69
925,5628,2372,603,6,18,0,0,1,16,78,less than 2500,5000 & above,500 & above,less than 3 years,More than 15 years,0 years,less than 3 years,less than 8,18.0,17-20,78.0,70-79
933,4732,2080,640,2,5,2,1,3,11,84,less than 2500,less than 5000,500 & above,More than 3 years,More than 3 years,1 year,less than 3 years,less than 4,11.0,<13,36.0,<40
934,18830,2096,266,1,2,1,2,2,18,40,less than 2500,15000 & above,250 & above,less than 3 years,less than 3 years,2 years,less than 3 years,less than 2,11.5,<13,80.0,80-89
938,26076,2372,848,1,2,2,2,2,12,88,less than 2500,25000 & above,750 & above,less than 3 years,less than 3 years,2 years,less than 3 years,less than 2,11.5,<13,79.0,70-79
961,2690,4249,482,1,9,1,1,9,11,87,2500 & above,less than 5000,250 & above,More than 9 years,More than 9 years,1 year,less than 3 years,less than 2,11.0,<13,87.0,80-89
977,15891,2029,999,1,5,0,0,5,20,92,less than 2500,15000 & above,750 & above,More than 3 years,More than 3 years,0 years,less than 3 years,less than 2,20.0,20-22,92.0,>90
982,15748,2610,693,1,4,3,0,4,11,57,2500 & above,15000 & above,500 & above,More than 3 years,More than 3 years,0 years,More than 3 years,less than 2,11.0,<13,57.0,50-59
989,5182,2996,1439,7,8,3,1,6,15,54,2500 & above,5000 & above,1250 & above,More than 6 years,More than 6 years,1 year,More than 3 years,less than 8,15.0,15-17,54.0,50-59
998,4050,3904,683,0,5,1,1,4,12,36,2500 & above,less than 5000,500 & above,More than 3 years,More than 3 years,1 year,less than 3 years,less than 2,12.0,<13,36.0,<40
1015,20284,2996,560,5,10,3,1,4,14,91,2500 & above,20000 & above,500 & above,More than 3 years,More than 9 years,1 year,More than 3 years,less than 6,14.0,13-15,91.0,>90
1020,10205,3420,465,7,17,2,1,6,12,74,2500 & above,10000 & above,250 & above,More than 6 years,More than 15 years,1 year,less than 3 years,less than 8,12.0,<13,74.0,70-79
1023,10494,2066,1255,2,5,0,1,3,22,90,less than 2500,10000 & above,1250 & above,More than 3 years,More than 3 years,1 year,less than 3 years,less than 4,22.0,>22,90.0,>90
1028,5561,2127,1283,2,7,3,0,4,12,90,less than 2500,5000 & above,1250 & above,More than 3 years,More than 6 years,0 years,More than 3 years,less than 4,17.0,17-20,82.0,80-89
1045,8045,2345,896,2,8,2,1,3,14,68,less than 2500,5000 & above,750 & above,More than 3 years,More than 6 years,1 year,less than 3 years,less than 4,14.0,13-15,68.0,60-69
1046,21158,3420,1467,1,6,3,1,5,13,49,2500 & above,20000 & above,1250 & above,More than 3 years,More than 6 years,1 year,More than 3 years,less than 2,17.0,17-20,49.0,40-49
1052,7152,1274,990,1,1,0,0,1,13,64,less than 2500,5000 & above,750 & above,less than 3 years,less than 3 years,0 years,less than 3 years,less than 2,14.0,13-15,96.0,>90
1069,12530,1563,1423,1,1,0,0,1,14,72,less than 2500,10000 & above,1250 & above,less than 3 years,less than 3 years,0 years,less than 3 years,less than 2,13.0,13-15,33.0,<40
1092,4585,2132,950,4,8,3,0,5,20,97,less than 2500,less than 5000,750 & above,More than 3 years,More than 6 years,0 years,More than 3 years,less than 6,20.0,20-22,97.0,>90
1101,15624,5878,824,3,12,5,2,7,12,67,5000 & above,15000 & above,750 & above,More than 6 years,More than 12 years,2 years,More than 3 years,less than 4,12.0,<13,67.0,60-69
1104,22376,2451,598,6,5,0,0,1,18,91,less than 2500,20000 & above,500 & above,less than 3 years,More than 3 years,0 years,less than 3 years,less than 8,18.0,17-20,91.0,>90
1113,25174,4087,1200,4,9,2,1,6,14,62,2500 & above,25000 & above,1000 & above,More than 6 years,More than 9 years,1 year,less than 3 years,less than 6,14.0,13-15,62.0,60-69
1115,22061,2972,479,1,1,0,0,1,13,35,2500 & above,20000 & above,250 & above,less than 3 years,less than 3 years,0 years,less than 3 years,less than 2,12.0,<13,57.0,50-59
1118,11133,2061,474,1,1,0,0,1,21,89,less than 2500,10000 & above,250 & above,less than 3 years,less than 3 years,0 years,less than 3 years,less than 2,13.0,13-15,89.0,80-89
1127,12826,2073,977,2,4,2,2,2,16,45,less than 2500,10000 & above,750 & above,less than 3 years,More than 3 years,2 years,less than 3 years,less than 4,21.0,20-22,69.0,60-69
1137,10293,2814,457,1,4,3,1,4,14,85,2500 & above,10000 & above,250 & above,More than 3 years,More than 3 years,1 year,More than 3 years,less than 2,14.0,13-15,85.0,80-89
1139,18783,3312,634,3,6,2,0,3,17,35,2500 & above,15000 & above,500 & above,More than 3 years,More than 6 years,0 years,less than 3 years,less than 4,17.0,17-20,35.0,<40
1141,5348,2141,241,1,6,1,1,6,12,48,less than 2500,5000 & above,less than 250,More than 6 years,More than 6 years,1 year,less than 3 years,less than 2,12.0,<13,48.0,40-49
1152,26009,3117,546,1,3,2,2,2,18,97,2500 & above,25000 & above,500 & above,less than 3 years,More than 3 years,2 years,less than 3 years,less than 2,18.0,17-20,97.0,>90
1168,17218,3760,567,1,6,3,1,6,13,32,2500 & above,15000 & above,500 & above,More than 6 years,More than 6 years,1 year,More than 3 years,less than 2,13.0,13-15,32.0,<40
1169,22490,3517,486,7,5,2,0,3,17,86,2500 & above,20000 & above,250 & above,More than 3 years,More than 3 years,0 years,less than 3 years,less than 8,13.0,13-15,58.0,50-59
1170,6297,2580,591,2,6,2,1,4,13,87,2500 & above,5000 & above,500 & above,More than 3 years,More than 6 years,1 year,less than 3 years,less than 4,15.0,15-17,52.0,50-59
1190,25518,5470,977,0,10,6,1,9,13,45,5000 & above,25000 & above,750 & above,More than 9 years,More than 9 years,1 year,More than 6 years,less than 2,13.0,13-15,45.0,40-49
1207,23737,3537,1441,5,8,2,1,4,12,94,2500 & above,20000 & above,1250 & above,More than 3 years,More than 6 years,1 year,less than 3 years,less than 6,14.0,13-15,94.0,>90
1215,13970,4930,146,0,6,4,1,5,14,79,2500 & above,10000 & above,less than 250,More than 3 years,More than 6 years,1 year,More than 3 years,less than 2,14.0,13-15,79.0,70-79
1217,17616,4401,581,1,5,4,0,5,16,62,2500 & above,15000 & above,500 & above,More than 3 years,More than 3 years,0 years,More than 3 years,less than 2,11.0,<13,57.0,50-59
1226,17360,3433,585,6,10,3,1,5,13,56,2500 & above,15000 & above,500 & above,More than 3 years,More than 9 years,1 year,More than 3 years,less than 8,13.0,13-15,56.0,50-59
1233,3811,2862,793,1,10,8,0,10,12,33,2500 & above,less than 5000,750 & above,More than 9 years,More than 9 years,0 years,More than 6 years,less than 2,12.0,<13,33.0,<40
1244,26427,4968,1312,0,10,7,0,9,16,78,2500 & above,25000 & above,1250 & above,More than 9 years,More than 9 years,0 years,More than 6 years,less than 2,16.0,15-17,78.0,70-79
1248,6152,3445,1054,1,6,4,1,6,11,67,2500 & above,5000 & above,1000 & above,More than 6 years,More than 6 years,1 year,More than 3 years,less than 2,11.0,<13,67.0,60-69
1252,5586,2932,181,0,6,2,1,5,14,97,2500 & above,5000 & above,less than 250,More than 3 years,More than 6 years,1 year,less than 3 years,less than 2,14.0,13-15,68.0,60-69
1258,10007,2109,590,1,1,0,0,1,13,91,less than 2500,10000 & above,500 & above,less than 3 years,less than 3 years,0 years,less than 3 years,less than 2,13.0,13-15,91.0,>90
1260,17674,2718,953,2,12,7,0,7,14,65,2500 & above,15000 & above,750 & above,More than 6 years,More than 12 years,0 years,More than 6 years,less than 4,14.0,13-15,65.0,60-69
1265,6194,3055,775,5,11,7,1,9,15,90,2500 & above,5000 & above,750 & above,More than 9 years,More than 9 years,1 year,More than 6 years,less than 6,15.0,15-17,90.0,>90
1283,5531,2044,1181,1,5,3,0,5,11,82,less than 2500,5000 & above,1000 & above,More than 3 years,More than 3 years,0 years,More than 3 years,less than 2,11.0,<13,82.0,80-89
1293,24978,2438,343,4,7,2,1,3,13,52,less than 2500,20000 & above,250 & above,More than 3 years,More than 6 years,1 year,less than 3 years,less than 6,13.0,13-15,52.0,50-59
1305,15696,6854,431,4,14,7,1,7,15,68,5000 & above,15000 & above,250 & above,More than 6 years,More than 12 years,1 year,More than 6 years,less than 6,15.0,15-17,68.0,60-69
1307,12719,3591,1217,1,3,2,1,3,25,67,2500 & above,10000 & above,1000 & above,More than 3 years,More than 3 years,1 year,less than 3 years,less than 2,22.0,>22,90.0,>90
1311,8018,1514,1431,1,0,0,0,0,16,33,less than 2500,5000 & above,1250 & above,less than 3 years,less than 3 years,0 years,less than 3 years,less than 2,16.0,15-17,33.0,<40
1315,19573,6962,430,4,15,0,0,1,22,73,5000 & above,15000 & above,250 & above,less than 3 years,More than 15 years,0 years,less than 3 years,less than 6,13.0,13-15,36.0,<40
1335,5141,3902,835,8,7,2,2,2,14,41,2500 & above,5000 & above,750 & above,less than 3 years,More than 6 years,2 years,less than 3 years,0,14.0,13-15,41.0,40-49
1344,13588,4284,783,5,16,4,0,5,22,78,2500 & above,10000 & above,750 & above,More than 3 years,More than 15 years,0 years,More than 3 years,less than 6,22.0,>22,78.0,70-79
1349,14908,2933,482,1,1,0,1,1,13,90,2500 & above,10000 & above,250 & above,less than 3 years,less than 3 years,1 year,less than 3 years,less than 2,13.0,13-15,90.0,>90
1367,6073,2226,1354,1,6,2,1,5,11,41,less than 2500,5000 & above,1250 & above,More than 3 years,More than 6 years,1 year,less than 3 years,less than 2,14.0,13-15,41.0,40-49
1370,2125,5467,1169,8,16,7,1,8,18,64,5000 & above,less than 5000,1000 & above,More than 6 years,More than 15 years,1 year,More than 6 years,0,11.0,<13,64.0,60-69
1376,14293,4771,1206,2,10,3,0,5,19,71,2500 & above,10000 & above,1000 & above,More than 3 years,More than 9 years,0 years,More than 3 years,less than 4,25.0,>22,96.0,>90
1381,2122,2144,1103,1,5,4,1,5,14,49,less than 2500,less than 5000,1000 & above,More than 3 years,More than 3 years,1 year,More than 3 years,less than 2,14.0,13-15,49.0,40-49
1382,3995,3065,976,1,4,3,2,4,13,48,2500 & above,less than 5000,750 & above,More than 3 years,More than 3 years,2 years,More than 3 years,less than 2,13.0,13-15,48.0,40-49
1397,22474,2897,155,3,9,3,2,4,11,67,2500 & above,20000 & above,less than 250,More than 3 years,More than 9 years,2 years,More than 3 years,less than 4,11.0,<13,67.0,60-69
1419,11189,5410,557,6,9,2,1,4,17,35,5000 & above,10000 & above,500 & above,More than 3 years,More than 9 years,1 year,less than 3 years,less than 8,12.0,<13,74.0,70-79
1420,21412,2782,642,3,12,0,1,5,22,76,2500 & above,20000 & above,500 & above,More than 3 years,More than 12 years,1 year,less than 3 years,less than 4,22.0,>22,76.0,70-79
1423,17624,3375,581,0,4,2,1,3,12,63,2500 & above,15000 & above,500 & above,More than 3 years,More than 3 years,1 year,less than 3 years,less than 2,12.0,<13,63.0,60-69
1424,18698,5098,1395,1,10,8,0,10,19,48,5000 & above,15000 & above,1250 & above,More than 9 years,More than 9 years,0 years,More than 6 years,less than 2,19.0,17-20,48.0,40-49
1429,5340,4108,116,7,18,7,1,7,13,52,2500 & above,5000 & above,less than 250,More than 6 years,More than 15 years,1 year,More than 6 years,less than 8,13.0,13-15,52.0,50-59
1435,13422,2436,1037,6,6,2,1,4,12,42,less than 2500,10000 & above,1000 & above,More than 3 years,More than 6 years,1 year,less than 3 years,less than 8,22.0,>22,42.0,40-49
1449,11288,2439,529,1,4,2,1,4,14,78,less than 2500,10000 & above,500 & above,More than 3 years,More than 3 years,1 year,less than 3 years,less than 2,14.0,13-15,78.0,70-79
1455,2725,2809,1322,2,8,2,2,2,14,52,2500 & above,less than 5000,1250 & above,less than 3 years,More than 6 years,2 years,less than 3 years,less than 4,16.0,15-17,44.0,40-49
1458,8952,2977,287,1,4,1,1,4,12,62,2500 & above,5000 & above,250 & above,More than 3 years,More than 3 years,1 year,less than 3 years,less than 2,12.0,<13,62.0,60-69
1460,8489,3785,468,1,5,4,0,5,14,73,2500 & above,5000 & above,250 & above,More than 3 years,More than 3 years,0 years,More than 3 years,less than 2,14.0,13-15,73.0,70-79
